X,Y,Index_,ACCNUM,YEAR,DATE,TIME,Hour,STREET1,STREET2,OFFSET,ROAD_CLASS,District,LATITUDE,LONGITUDE,LOCCOORD,ACCLOC,TRAFFCTL,VISIBILITY,LIGHT,RDSFCOND,ACCLASS,IMPACTYPE,INVTYPE,INVAGE,INJURY,FATAL_NO,INITDIR,VEHTYPE,MANOEUVER,DRIVACT,DRIVCOND,PEDTYPE,PEDACT,PEDCOND,CYCLISTYPE,CYCACT,CYCCOND,PEDESTRIAN,CYCLIST,AUTOMOBILE,MOTORCYCLE,TRUCK,TRSN_CITY_VEH,EMERG_VEH,PASSENGER,SPEEDING,AG_DRIV,REDLIGHT,ALCOHOL,DISABILITY,Division,Ward_Name,Ward_ID,Hood_ID,Hood_Name,FID
-79.42235956,43.77824362,80546835,6001376721,2016,2016-08-05T04:00:00.000Z,1225,12,FINCH AVE W,TALBOT RD,40 m East,Major Arterial,North York,43.77824362,-79.42235956,Mid-Block,Non Intersection,No Control,Clear,Daylight,Dry,Fatal,Pedestrian Collisions,Pedestrian,80 to 84,Fatal,50,North, , , , ,Pedestrian hit at mid-block,"Crossing, no Traffic Control",Inattentive, , , ,Yes, ,Yes, , , , , , , , , , ,D32,Willowdale (23),23,37,Willowdale West (37),153
-79.4058877,43.7403446,7819564,1356635,2013,2013-05-16T04:00:00.000Z,1231,12,MILL ST,YONGE ST, ,Major Arterial,North York,43.7403446,-79.4058877,Intersection,At Intersection,Traffic Signal,Clear,Daylight,Dry,Fatal,Pedestrian Collisions,Pedestrian,90 to 94,Fatal,15,South, , , , ,Vehicle turns right while ped crosses with ROW at inter.,Crossing with right of way,Normal, , , ,Yes, ,Yes, , , , , , ,Yes,Yes, , ,D32,Don Valley West (25),25,41,Bridle Path-Sunnybrook-York Mills (41),154
-79.24541865,43.75553854,80503039,5000922282,2015,2015-06-02T04:00:00.000Z,1233,12,LAWRENCE AVE E,MCCOWAN RD, ,Major Arterial,Scarborough,43.75553854,-79.24541865,Intersection,At Intersection,Traffic Signal,Clear,Daylight,Dry,Fatal,Pedestrian Collisions,Pedestrian,70 to 74,Fatal,27,North, , , , ,Vehicle is going straight thru inter.while ped cross without ROW,Crossing without right of way,Unknown, , , ,Yes, ,Yes, , , , , , , , , , ,D43,Scarborough Centre (38),38,127,Bendale (127),155
-79.39979029,43.68694538,5234607,1102324,2009,2009-05-01T04:00:00.000Z,1236,12,ST CLAIR AVE W,ORIOLE RD, ,Major Arterial,Toronto East York,43.68694538,-79.39979029,Intersection, ,No Control,Clear,Daylight,Dry,Fatal,SMV Unattended Vehicle,Passenger,90 to 94,Fatal,14, ,Other, , , , , , , , , , , ,Yes, , , , ,Yes, , , , , ,D53,St. Paul's (22),22,97,Yonge-St.Clair (97),156
-79.50639029,43.60044538,6659314,1246967,2011,2011-08-02T04:00:00.000Z,1236,12,LAKE SHORE BLVD W,EIGHTH ST, ,Major Arterial,Etobicoke York,43.60044538,-79.50639029,Intersection,At Intersection,No Control,Clear,Daylight,Dry,Fatal,Pedestrian Collisions,Pedestrian,85 to 89,Fatal,18,East,Other, , , ,Vehicle turns left while ped crosses with ROW at inter.,Crossing with right of way,Unknown, , , ,Yes, ,Yes, , , , , , ,Yes, , , ,D22,Etobicoke-Lakeshore (6),6,18,New Toronto (18),157
-79.37382136,43.64854391,80790064,7003200949,2017,2017-12-15T05:00:00.000Z,1237,12,CHURCH ST,WELLINGTON ST E, ,Minor Arterial,Toronto East York,43.64854391,-79.37382136,Intersection,At Intersection,Traffic Signal,Other,Daylight,Other,Fatal,Pedestrian Collisions,Pedestrian,20 to 24,Fatal,57,South, , , , ,Vehicle turns right while ped crosses with ROW at inter.,Crossing with right of way,Unknown, , , ,Yes, , , , , , , , ,Yes, , , ,D51,Toronto Centre-Rosedale (28),28,77,Waterfront Communities-The Island (77),158
-79.40049029,43.70424538,7414250,1293835,2012,2012-05-11T04:00:00.000Z,1239,12,DUPLEX AVE,ANDERSON AVE, ,Collector,Toronto East York,43.70424538,-79.40049029,Intersection,At Intersection,Stop Sign,Clear,Daylight,Dry,Fatal,Pedestrian Collisions,Pedestrian,80 to 84,Fatal,14,West,Other, , , ,Vehicle turns left while ped crosses with ROW at inter.,Crossing with right of way,Normal, , , ,Yes, ,Yes, , , , , , , , , , ,D53,St. Paul's (22),22,100,Yonge-Eglinton (100),159
-79.56319029,43.67444538,6097035,1147341,2010,2010-01-12T05:00:00.000Z,1240,12,MARTIN GROVE RD,EGLINTON AVE W, ,Major Arterial,Etobicoke York,43.67444538,-79.56319029,Intersection,At Intersection,Traffic Signal,Clear,Daylight,Dry,Fatal,Pedestrian Collisions,Pedestrian,30 to 34,Fatal,2,East,Other, , , ,Vehicle is going straight thru inter.while ped cross with ROW,Crossing with right of way,Normal, , , ,Yes, ,Yes, , , , ,Yes, ,Yes,Yes, , ,D22,Etobicoke Centre (3),3,11,Eringate-Centennial-West Deane (11),160
-79.4182931,43.7423435,7514423,1295871,2012,2012-05-27T04:00:00.000Z,1240,12,22 DELHI AVE, , ,Local,North York,43.7423435,-79.4182931,Intersection, ,No Control,Clear,Daylight,Dry,Fatal,Pedestrian Collisions,Pedestrian,80 to 84,Fatal,16,West,Other, , , ,Vehicle is reversing and hits pedestrian,Walking on Roadway Against Traffic,Medical or Physical Disability, , , ,Yes, ,Yes, , , , , , , , , , ,D32,Eglinton-Lawrence (16),16,39,Bedford Park-Nortown (39),161
-79.45488367,43.74869116,80496514,5000516992,2015,2015-03-28T04:00:00.000Z,1240,12,REINER RD,WILSON HEIGHTS BLVD, ,Minor Arterial,North York,43.74869116,-79.45488367,Intersection,At Intersection,Traffic Signal,Clear,Daylight,Dry,Fatal,Pedestrian Collisions,Pedestrian,75 to 79,Fatal,13,West, , , , ,Vehicle turns left while ped crosses with ROW at inter.,Crossing with right of way,Other, , , ,Yes, ,Yes, , , , , , ,Yes, , , ,D32,York Centre (10),10,33,Clanton Park (33),162
-79.4829751,43.754729829999988,80565332,6001648005,2016,2016-09-16T04:00:00.000Z,1242,12,110 ST REGIS CRES, , ,Local,North York,43.75472983,-79.4829751,Mid-Block,At/Near Private Drive,No Control,Clear,Daylight,Dry,Fatal,Pedestrian Collisions,Pedestrian,80 to 84,Fatal,57,Unknown, , , , ,Vehicle is reversing and hits pedestrian,On Sidewalk or Shoulder,Unknown, , , ,Yes, ,Yes, , , , , , ,Yes, , , ,D31,York West (8),8,27,York University Heights (27),163
-79.303490289999985,43.782145379999989,4292894,987119,2007,2007-08-28T04:00:00.000Z,1244,12,BAY MILLS BLVD,EAGLESTONE RD, ,Collector,Scarborough,43.78214538,-79.30349029,Intersection,At Intersection,Pedestrian Crossover,Clear,Daylight,Dry,Fatal,Cyclist Collisions,Cyclist,5 to 9,Fatal,0,South,Bicycle,Going Ahead, , , , , ,Cyclist struck at PXO(cyclist either travel in same dir. as veh. or ride across xwalk),Disobeyed Traffic Control,Normal, ,Yes, , , , , , , , , , , ,D42,Scarborough-Agincourt (40),40,118,Tam O'Shanter-Sullivan (118),164
-79.45298395,43.658259949999987,8000172,143335677,2014,2014-11-20T05:00:00.000Z,1245,12,2440 DUNDAS ST W, , ,Minor Arterial,Toronto East York,43.65825995,-79.45298395,Intersection, ,Traffic Signal,Clear,Daylight,Dry,Fatal,Pedestrian Collisions,Pedestrian,65 to 69,Fatal,42,East, , , , ,Vehicle turns left while ped crosses with ROW at inter.,Crossing with right of way,Unknown, , , ,Yes, ,Yes, , , , , , ,Yes, , , ,D11,Parkdale-High Park (14),14,88,High Park North (88),165
-79.35948572,43.80937918,80222235,4003257164,2014,2014-11-07T05:00:00.000Z,1247,12,DON MILLS RD,FRESHMEADOW DR, ,Major Arterial,North York,43.80937918,-79.35948572,Mid-Block,Non Intersection,No Control,Clear,Daylight,Dry,Fatal,Pedestrian Collisions,Pedestrian,70 to 74,Fatal,39,East, , , , ,Pedestrian hit at mid-block,"Crossing, no Traffic Control",Unknown, , , ,Yes, ,Yes, , , , , , , , , , ,D33,Willowdale (24),24,48,Hillcrest Village (48),166
-79.42372523,43.6711994,80545158,6001174772,2016,2016-07-05T04:00:00.000Z,1247,12,740 DUPONT ST, , ,Major Arterial,Toronto East York,43.6711994,-79.42372523,Mid-Block,Non Intersection,No Control,Clear,Daylight,Dry,Fatal,Cyclist Collisions,Cyclist,70 to 74,Fatal,41,West,Bicycle,Overtaking, , , , , ,Cyclist strikes a parked vehicle.,Improper Passing,Unknown, ,Yes, , , , , , , , , , , ,D14,Trinity-Spadina (19),19,93,Dovercourt-Wallace Emerson-Junction (93),167
-79.61201105,43.72043188,80681743,7000396718,2017,2017-03-04T05:00:00.000Z,1249,12,REXDALE BLVD,RAMP TO ENTRANCE RD,6.5 m West of,Major Arterial,Etobicoke York,43.72043188,-79.61201105,Mid-Block,Non Intersection,No Control,Clear,Daylight,Dry,Fatal,Pedestrian Collisions,Pedestrian,90 to 94,Fatal,14,South, , , , ,Pedestrian hit at mid-block,"Crossing, no Traffic Control",Inattentive, , , ,Yes, ,Yes, , , , , , , , , , ,D23,Etobicoke North (2),2,1,West Humber-Clairville (1),168
-79.397457220000021,43.763236599999985,80000030,142211983,2014,2014-06-03T04:00:00.000Z,1250,12,53 CRAIGMORE CRES, , ,Local,North York,43.7632366,-79.39745722,Mid-Block, ,No Control,Clear,Daylight,Dry,Fatal,Pedestrian Collisions,Pedestrian,85 to 89,Fatal,11,West, , , , ,Vehicle is reversing and hits pedestrian,Other,Normal, , , ,Yes, ,Yes, , , , , , , , , , ,D32,Willowdale (23),23,51,Willowdale East (51),169
-79.25877009,43.73603399,8000166,143250160,2014,2014-11-06T05:00:00.000Z,1254,12,MIDLAND AVE,GILDER DR, ,Major Arterial,Scarborough,43.73603399,-79.25877009,Intersection, ,Traffic Signal,Clear,Daylight,Dry,Fatal,Pedestrian Collisions,Pedestrian,40 to 44,Fatal,38,Unknown, , , , ,Pedestrian hit on sidewalk or shoulder,On Sidewalk or Shoulder,Normal, , , ,Yes, ,Yes, , , , , , , , , , ,D41,Scarborough Centre (37),37,138,Eglinton East (138),170
-79.54349029,43.75634538,5040685,1132127,2009,2009-10-21T04:00:00.000Z,1255,12,WESTON RD,FENMAR DR, ,Major Arterial,Etobicoke York,43.75634538,-79.54349029,Mid-Block,At Intersection,No Control,Rain,Daylight,Wet,Fatal,Pedestrian Collisions,Pedestrian,50 to 54,Fatal,35,Unknown,Other, , , ,Other / Undefined,Pushing/Working on Vehicle,Unknown, , , ,Yes, , , ,Yes, , , , , , , , ,D31,York West (7),7,21,Humber Summit (21),171
-79.42629029,43.79664538,5793443,1131172,2009,2009-10-16T04:00:00.000Z,1301,13,STEELES AVE W,TANGREEN CRT, ,Major Arterial,North York,43.79664538,-79.42629029,Intersection, ,No Control,Clear,Daylight,Dry,Fatal,Pedestrian Collisions,Pedestrian,80 to 84,Fatal,41,South,Other, , , ,Vehicle is going straight thru inter.while ped cross without ROW,"Crossing, no Traffic Control",Inattentive, , , ,Yes, ,Yes, , , , , , , , , , ,D32,Willowdale (23),23,36,Newtonbrook West (36),172
-79.49451838,43.67614706,80757123,7001169974,2017,2017-06-30T04:00:00.000Z,1304,13,847 JANE ST, , ,Collector,Etobicoke York,43.67614706,-79.49451838,Mid-Block,Non Intersection,No Control,Clear,Daylight,Dry,Fatal,Cyclist Collisions,Cyclist,70 to 74,Fatal,28,West,"Automobile, Station Wagon",Going Ahead, , , , , ,"Motorist turns right at non-signal Inter.(stop, yield, no cont.,and dwy) and strikes cyclist.",Driving Properly,Normal, ,Yes,Yes, , , , , , , , , , ,D12,York South-Weston (11),11,111,Rockcliffe-Smythe (111),173
-79.44589029,43.78594538,6637557,1237771,2011,2011-06-11T04:00:00.000Z,1308,13,DEWLANE DR,BATHURST ST, ,Local,North York,43.78594538,-79.44589029,Intersection, ,No Control,Clear,Daylight,Dry,Fatal,Pedestrian Collisions,Pedestrian,80 to 84,Fatal,9,West,Other, , , ,Pedestrian hit at private driveway,Other,Normal, , , ,Yes, ,Yes, , , , , , , , , , ,D32,York Centre (10),10,36,Newtonbrook West (36),174
-79.41029029,43.70424538,5362593,1039584,2008,2008-05-22T04:00:00.000Z,1310,13,EGLINTON AVE W,ELMSTHORPE AVE, ,Major Arterial,Toronto East York,43.70424538,-79.41029029,Mid-Block, ,No Control,Clear,Daylight,Dry,Fatal,Cyclist Collisions,Cyclist,55 to 59,Fatal,20,East,Bicycle,Going Ahead, , , , , ,Cyclist struck opened vehicle door,Driving Properly,Unknown, ,Yes,Yes, , , , , , , , , , ,D53,Eglinton-Lawrence (16),16,103,Lawrence Park South (103),175
-79.33122645,43.77508887,80000021,141413547,2014,2014-01-26T05:00:00.000Z,1310,13,SHEPPARD AVE E,CONSUMERS RD, ,Major Arterial,North York,43.77508887,-79.33122645,Intersection, ,Traffic Signal,Snow,Daylight,Loose Snow,Fatal,Rear End,Driver,70 to 74,Fatal,2,East,Passenger Van,Going Ahead,Other,Unknown, , , , , , , , ,Yes, , , , ,Yes, , , , , ,D33,Don Valley East (33),33,53,Henry Farm (53),176
-79.36889029,43.678245379999986,5420897,1065135,2008,2008-10-18T04:00:00.000Z,1315,13,BAYVIEW BLOOR S RAMP N,BLOOR RAMP, ,Major Arterial,Toronto East York,43.67824538,-79.36889029,Mid-Block, ,No Control,Clear,Daylight,Dry,Fatal,Approaching,Motorcycle Driver,30 to 34,Fatal,45,East,Motorcycle,Going Ahead,Lost control,Unknown, , , , , , , , ,Yes,Yes, , , ,Yes, , , , , ,D53,Toronto Centre-Rosedale (27),27,98,Rosedale-Moore Park (98),177
-79.29722224,43.69353064,80501740,6000291466,2016,2016-02-18T05:00:00.000Z,1315,13,DAWES RD,SECORD AVE, ,Minor Arterial,Toronto East York,43.69353064,-79.29722224,Intersection,At Intersection,Traffic Signal,Clear,Daylight,Dry,Fatal,Pedestrian Collisions,Pedestrian,70 to 74,Fatal,13,North, , , , ,Vehicle turns right while ped crosses with ROW at inter.,Crossing with right of way,Normal, , , ,Yes, ,Yes, , , , , , ,Yes, , , ,D54,Beaches-East York (31),31,61,Taylor-Massey (61),178
-79.62099029,43.75394538,6674980,1253623,2011,2011-09-12T04:00:00.000Z,1316,13,STEELES AVE W,STEINWAY BLVD, ,Major Arterial,Etobicoke York,43.75394538,-79.62099029,Mid-Block, ,No Control,Clear,Daylight,Dry,Fatal,Turning Movement,Driver,20 to 24,Fatal,24,East,"Automobile, Station Wagon",Going Ahead,Exceeding Speed Limit,Unknown, , , , , , , , ,Yes, , , , , ,Yes,Yes, , , ,D23,Etobicoke North (1),1,1,West Humber-Clairville (1),179
-79.45179029,43.65384538,6097039,1147342,2010,2010-01-12T05:00:00.000Z,1317,13,DUNDAS ST W,RONCESVALLES AVE, ,Minor Arterial,Toronto East York,43.65384538,-79.45179029,Intersection,At Intersection,Traffic Signal,Clear,Daylight,Dry,Fatal,Pedestrian Collisions,Pedestrian,80 to 84,Fatal,3,East,Other, , , ,Vehicle is going straight thru inter.while ped cross without ROW,Crossing without right of way,Inattentive, , , ,Yes, ,Yes, , , , , , , , , , ,D11,Parkdale-High Park (14),14,86,Roncesvalles (86),180
-79.377811530000017,43.64299734,7842192,1366347,2013,2013-07-03T04:00:00.000Z,1319,13,LAKE SHORE BLVD W,BAY ST, ,Major Arterial,Toronto East York,43.64299734,-79.37781153,Intersection, ,Traffic Signal,Clear,Daylight,Dry,Fatal,Pedestrian Collisions,Pedestrian,70 to 74,Fatal,19,North, , , , ,Pedestrian hit on sidewalk or shoulder,On Sidewalk or Shoulder,Unknown, , , ,Yes, ,Yes, , , , ,Yes,Yes,Yes, , , ,D52,Toronto Centre-Rosedale (28),28,77,Waterfront Communities-The Island (77),181
-79.33774958,43.775821289999989,8000208,143471771,2014,2014-12-12T05:00:00.000Z,1320,13,SHEPPARD AVE E,404 N SHEPPARD W RAMP, ,Major Arterial,North York,43.77582129,-79.33774958,Intersection, ,Traffic Signal,Clear,Daylight,Wet,Fatal,Turning Movement,Passenger,50 to 54,Fatal,47, , , , , , , , , , , , , ,Yes, , , , ,Yes, ,Yes,Yes, , ,D33,Don Valley East (33),33,53,Henry Farm (53),182
-79.453022100000013,43.7908016,80488485,5001457314,2015,2015-08-24T04:00:00.000Z,1325,13,STEELES AVE W,TORRESDALE AVE,1 m East of,Major Arterial,North York,43.7908016,-79.4530221,Intersection,At Intersection,Traffic Signal,Clear,Daylight,Dry,Fatal,Pedestrian Collisions,Pedestrian,85 to 89,Fatal,39,Unknown, , , , ,Vehicle is going straight thru inter.while ped cross without ROW,Crossing without right of way,Medical or Physical Disability, , , ,Yes, ,Yes, , , , , , , , , , ,D32,York Centre (10),10,35,Westminster-Branson (35),183
-79.155994509999985,43.792666989999987,80487332,5001276114,2015,2015-07-26T04:00:00.000Z,1328,13,6486 KINGSTON RD, ,15 m West of,Minor Arterial,Scarborough,43.79266699,-79.15599451,Mid-Block,Non Intersection,No Control,Clear,Daylight,Dry,Fatal,Turning Movement,Motorcycle Driver,30 to 34,Fatal,35,East,Motorcycle,Going Ahead,Exceeding Speed Limit,Normal, , , , , , , , ,Yes,Yes, , , ,Yes,Yes,Yes, , , ,D43,Scarborough East (44),44,133,Centennial Scarborough (133),184
-79.44904719,43.64632757,5229859,1100239,2009,2009-04-20T04:00:00.000Z,1330,13,RONCESVALLES AVE,HIGH PARK BLVD, ,Minor Arterial,Toronto East York,43.64632757,-79.44904719,Intersection, ,Traffic Signal,Rain,Daylight,Wet,Fatal,Pedestrian Collisions,Pedestrian,85 to 89,Fatal,13,West,Other, , , ,Vehicle turns left while ped crosses with ROW at inter.,Crossing with right of way,Normal, , , ,Yes, , , , ,Yes, , , ,Yes, , , ,D11,Parkdale-High Park (14),14,86,Roncesvalles (86),185
-79.41289149,43.769263819999985,80008585,2015979465,2015,2015-06-11T04:00:00.000Z,1330,13,YONGE ST,EMPRESS AVE, ,Major Arterial,North York,43.76926382,-79.41289149,Intersection,At Intersection,Traffic Signal,Clear,Daylight,Dry,Fatal,Pedestrian Collisions,Pedestrian,65 to 69,Fatal,29,Unknown, , , , ,Pedestrian hit on sidewalk or shoulder,On Sidewalk or Shoulder,Normal, , , ,Yes, ,Yes, , , , , , , , , , ,D32,Willowdale (23),23,51,Willowdale East (51),186
-79.315616710000015,43.69675406,80566657,6002131954,2016,2016-12-01T05:00:00.000Z,1335,13,COSBURN AVE,CEDARVALE AVE, ,Collector,Toronto East York,43.69675406,-79.31561671,Intersection,At Intersection,Pedestrian Crossover,Clear,Daylight,Dry,Fatal,Pedestrian Collisions,Pedestrian,65 to 69,Fatal,75,North, , , , ,Pedestrian hit a PXO/ped. Mid-block signal,"Crossing, Pedestrian Crossover",Normal, , , ,Yes, ,Yes, , , , , , ,Yes, , , ,D54,Beaches-East York (31),31,60,Woodbine-Lumsden (60),187
-79.32359029,43.68334538,5381219,1047910,2008,2008-07-14T04:00:00.000Z,1337,13,DANFORTH AVE,COXWELL AVE, ,Major Arterial,Toronto East York,43.68334538,-79.32359029,Intersection,At Intersection,Traffic Signal,Clear,Daylight,Dry,Fatal,Pedestrian Collisions,Pedestrian,50 to 54,Fatal,33,North,Other, , , ,Vehicle is going straight thru inter.while ped cross with ROW,Crossing with right of way,Normal, , , ,Yes, ,Yes, , , , ,Yes,Yes,Yes, , ,Yes,D55,Beaches-East York (32),32,64,Woodbine Corridor (64),188
-79.24239029,43.73794538,5377816,1046412,2008,2008-07-04T04:00:00.000Z,1345,13,EGLINTON AVE E,BARBADOS BLVD, ,Major Arterial,Scarborough,43.73794538,-79.24239029,Mid-Block, ,No Control,Clear,Daylight,Dry,Fatal,Approaching,Driver,80 to 84,Fatal,29,East,"Automobile, Station Wagon",Going Ahead,Lost control,Unknown, , , , , , , , ,Yes, , , , , ,Yes,Yes, , , ,D43,Scarborough Southwest (35),35,138,Eglinton East (138),189
-79.60306940000001,43.73416098,7846079,1367977,2013,2013-07-25T04:00:00.000Z,1346,13,HIGHWAY 27  N,FINCH AVE W, ,Major Arterial,Etobicoke York,43.73416098,-79.6030694,Intersection,At Intersection,Traffic Signal,Clear,Daylight,Dry,Fatal,Pedestrian Collisions,Pedestrian,25 to 29,Fatal,25,South,Other, , , ,Pedestrian involved in a collision with transit vehicle anywhere along roadway,Crossing with right of way,Unknown, , , ,Yes, ,Yes, , , , , , ,Yes, , , ,D23,Etobicoke North (1),1,1,West Humber-Clairville (1),190
-79.38309029,43.76774538,5189457,1079671,2009,2009-01-06T05:00:00.000Z,1349,13,SHEPPARD AVE E,REAN DR, ,Major Arterial,North York,43.76774538,-79.38309029,Intersection,At Intersection,Traffic Signal,Clear,Daylight,Dry,Fatal,Pedestrian Collisions,Pedestrian,65 to 69,Fatal,2,North,Other, , , ,Vehicle turns left while ped crosses with ROW at inter.,Crossing with right of way,Unknown, , , ,Yes, ,Yes, , , , , , ,Yes, , , ,D33,Willowdale (24),24,52,Bayview Village (52),191
-79.19949029,43.76544538000001,7644745,1246736,2011,2011-07-24T04:00:00.000Z,1349,13,LAWRENCE AVE E,OVERTURE RD, ,Major Arterial,Scarborough,43.76544538,-79.19949029,Intersection,At Intersection,Traffic Signal,Clear,Daylight,Dry,Fatal,Approaching,Driver,65 to 69,Fatal,15,East,"Automobile, Station Wagon",Going Ahead, , , , , , , , , , ,Yes, , , , ,Yes,Yes,Yes, , , ,D43,Scarborough East (43),43,136,West Hill (136),192
-79.600063419999984,43.727340299999987,80542277,6000894195,2016,2016-05-24T04:00:00.000Z,1350,13,HIGHWAY 27  N,HUMBER COLLEGE BLVD, ,Major Arterial,Etobicoke York,43.7273403,-79.60006342,Mid-Block,Non Intersection,No Control,Clear,Daylight,Dry,Fatal,Rear End,Driver,70 to 74,Fatal,32,North,"Automobile, Station Wagon",Going Ahead,Driving Properly,Normal, , , , , , , , ,Yes, ,Yes, , ,Yes,Yes,Yes, , , ,D23,Etobicoke North (2),2,1,West Humber-Clairville (1),193
-79.39779029,43.65234538,4136608,954405,2007,2007-02-19T05:00:00.000Z,1358,13,SPADINA AVE,WILLISON SQ, ,Major Arterial,Toronto East York,43.65234538,-79.39779029,Intersection, ,No Control,Clear,Daylight,Wet,Fatal,Pedestrian Collisions,Pedestrian,55 to 59,Fatal,0,East,Other, , , ,Pedestrian hit at mid-block,"Crossing, no Traffic Control",Normal, , , ,Yes, ,Yes, , , , , , , , , , ,D52,Trinity-Spadina (20),20,78,Kensington-Chinatown (78),194
-79.57999029,43.73894538,5285851,1124865,2009,2009-09-15T04:00:00.000Z,1400,14,KIPLING AVE,ALBION RD, ,Major Arterial,Etobicoke York,43.73894538,-79.57999029,Mid-Block, ,No Control,Clear,Daylight,Dry,Fatal,Pedestrian Collisions,Pedestrian,75 to 79,Fatal,27,East,Other, , , ,Pedestrian hit at mid-block,"Crossing, no Traffic Control",Inattentive, , , ,Yes, ,Yes, , , , , , , , , , ,D23,Etobicoke North (1),1,3,Thistletown-Beaumond Heights (3),195
-79.37689029,43.67234538,5793634,1133034,2009,2009-10-02T04:00:00.000Z,1400,14,BLOOR ST E,SHERBOURNE ST N, ,Major Arterial,Toronto East York,43.67234538,-79.37689029,Intersection, ,Traffic Signal,Rain,Daylight,Wet,Fatal,Pedestrian Collisions,Pedestrian,40 to 44,Fatal,31,North,Other, , , ,Pedestrian hit at mid-block,"Crossing, no Traffic Control",Inattentive, , , ,Yes, ,Yes, , , , , , , , , , ,D51,Toronto Centre-Rosedale (27),27,74,North St.James Town (74),196
-79.25123987,43.701213439999989,80741710,7000606743,2017,2017-04-06T04:00:00.000Z,1403,14,CLIFFSIDE DR,FOLCROFT AVE,10 m North of,Major Arterial,Scarborough,43.70121344,-79.25123987,Intersection,Intersection Related,No Control,Rain,Daylight,Wet,Fatal,Other,Passenger,55 to 59,Fatal,15, , , , , , , , , , , , , , , ,Yes, , ,Yes, , , , , ,D41,Scarborough Southwest (36),36,122,Birchcliffe-Cliffside (122),197
-79.37959029,43.67234538,5337299,1028235,2008,2008-03-15T04:00:00.000Z,1404,14,MOUNT PLEASANT RD,MOUNT PLEASANT BLOOR RAMP, ,Major Arterial,Toronto East York,43.67234538,-79.37959029,Mid-Block,At Intersection,No Control,Clear,Daylight,Dry,Fatal,Pedestrian Collisions,Pedestrian,25 to 29,Fatal,13, ,Other, , , ,Pedestrian hit at mid-block,"Crossing, no Traffic Control",Medical or Physical Disability, , , ,Yes, ,Yes, , , , , , , , , , ,D53,Toronto Centre-Rosedale (27),27,98,Rosedale-Moore Park (98),198
-79.34238062,43.66444357000001,80496656,5000653521,2015,2015-04-20T04:00:00.000Z,1405,14,1159 DUNDAS ST E, ,6 m West of,Minor Arterial,Toronto East York,43.66444357,-79.34238062,Mid-Block,Non Intersection,No Control,Clear,Daylight,Dry,Fatal,Pedestrian Collisions,Pedestrian,30 to 34,Fatal,19,Unknown, , , , ,Pedestrian hit on sidewalk or shoulder,On Sidewalk or Shoulder,Normal, , , ,Yes, ,Yes, , , , ,Yes,Yes,Yes, , , ,D55,Toronto-Danforth (30),30,70,South Riverdale (70),199
-79.290638069999986,43.735335909999989,80485686,4003073382,2014,2014-10-09T04:00:00.000Z,1410,14,WARDEN AVE,MARBLE ARCH CRES, ,Major Arterial,Scarborough,43.73533591,-79.29063807,Intersection,Non Intersection,Traffic Signal,Clear,Daylight,Dry,Fatal,Cyclist Collisions,Cyclist,60 to 64,Fatal,32,East,Bicycle,Going Ahead, , , , , ,"Motorist without ROW drives into path of cyclist at inter, lnwy, dwy-Driver not turn.",Driving Properly,Normal, ,Yes,Yes, , , , , , ,Yes,Yes, , ,D41,Scarborough Centre (37),37,119,Wexford/Maryvale (119),200