X,Y,Index_,ACCNUM,YEAR,DATE,TIME,Hour,STREET1,STREET2,OFFSET,ROAD_CLASS,District,LATITUDE,LONGITUDE,LOCCOORD,ACCLOC,TRAFFCTL,VISIBILITY,LIGHT,RDSFCOND,ACCLASS,IMPACTYPE,INVTYPE,INVAGE,INJURY,FATAL_NO,INITDIR,VEHTYPE,MANOEUVER,DRIVACT,DRIVCOND,PEDTYPE,PEDACT,PEDCOND,CYCLISTYPE,CYCACT,CYCCOND,PEDESTRIAN,CYCLIST,AUTOMOBILE,MOTORCYCLE,TRUCK,TRSN_CITY_VEH,EMERG_VEH,PASSENGER,SPEEDING,AG_DRIV,REDLIGHT,ALCOHOL,DISABILITY,Division,Ward_Name,Ward_ID,Hood_ID,Hood_Name,FID
-79.37324152,43.65372046,80501887,6000381883,2016,2016-03-04T05:00:00.000Z,1411,14,JARVIS ST,QUEEN ST E, ,Major Arterial,Toronto East York,43.65372046,-79.37324152,Intersection,Intersection Related,Traffic Signal,Clear,Daylight,Dry,Fatal,Pedestrian Collisions,Pedestrian,30 to 34,Fatal,14,East, , , , ,Vehicle is going straight thru inter.while ped cross without ROW,Crossing without right of way,Medical or Physical Disability, , , ,Yes, , , ,Yes, , , , , , , , ,D51,Toronto Centre-Rosedale (28),28,73,Moss Park (73),201
-79.5112649,43.73180731,80542229,6000848793,2016,2016-05-17T04:00:00.000Z,1414,14,JANE ST,TROUTBROOKE DR, ,Major Arterial,North York,43.73180731,-79.5112649,Intersection,At Intersection,Traffic Signal,Clear,Daylight,Dry,Fatal,Turning Movement,Motorcycle Driver,30 to 34,Fatal,31,North,Motorcycle,Going Ahead,Driving Properly,Normal, , , , , , , , ,Yes,Yes, , , , , ,Yes, , , ,D31,York Centre (9),9,26,Downsview-Roding-CFB (26),202
-79.39228449,43.64069327,80542827,6001035774,2016,2016-06-14T04:00:00.000Z,1415,14,BREMNER BLVD,SPADINA AVE, ,Minor Arterial,Toronto East York,43.64069327,-79.39228449,Mid-Block,Non Intersection,No Control,Clear,Daylight,Dry,Fatal,Pedestrian Collisions,Pedestrian,35 to 39,Fatal,36,Unknown, , , , ,Pedestrian hit on sidewalk or shoulder,On Sidewalk or Shoulder,Unknown, , , ,Yes, ,Yes, , , , , ,Yes,Yes, , , ,D52,Trinity-Spadina (20),20,77,Waterfront Communities-The Island (77),203
-79.304490290000018,43.76034538,5298514,1130411,2009,2009-09-19T04:00:00.000Z,1418,14,ELLESMERE RD,DEWEY DR, ,Major Arterial,Scarborough,43.76034538,-79.30449029,Intersection,At Intersection,Stop Sign,Clear,Daylight,Dry,Fatal,Turning Movement,Driver,85 to 89,Fatal,28,North,"Automobile, Station Wagon",Turning Left,Failed to Yield Right of Way,Inattentive, , , , , , , , ,Yes, , , , , , ,Yes, , , ,D41,Scarborough Centre (37),37,119,Wexford/Maryvale (119),204
-79.42981348,43.71924933,80257630,5002065903,2015,2015-12-02T05:00:00.000Z,1419,14,LAWRENCE AVE W,BATHURST ST,1 m West of,Major Arterial,North York,43.71924933,-79.42981348,Intersection,Intersection Related,Traffic Signal,Clear,Daylight,Dry,Fatal,Pedestrian Collisions,Pedestrian,90 to 94,Fatal,62,North, , , , ,Vehicle turns left while ped crosses without ROW at inter.,Crossing without right of way,Inattentive, , , ,Yes, ,Yes, , , , , , ,Yes, , , ,D53,Eglinton-Lawrence (15),15,39,Bedford Park-Nortown (39),205
-79.412014110000015,43.6555744,8000206,143380193,2014,2014-11-27T05:00:00.000Z,1420,14,549 COLLEGE ST, , ,Major Arterial,Toronto East York,43.6555744,-79.41201411,Mid-Block, ,No Control,Clear,Daylight,Dry,Fatal,SMV Other,Passenger,90 to 94,Fatal,45, , , , , , , , , , , , , ,Yes, , , , ,Yes, , , , , ,D14,Trinity-Spadina (19),19,81,Trinity-Bellwoods (81),206
-79.54649029,43.77024538,7415478,1294403,2012,2012-05-15T04:00:00.000Z,1426,14,WESTON RD,STEELES AVE W, ,Major Arterial,Etobicoke York,43.77024538,-79.54649029,Intersection,At Intersection,Traffic Signal,Clear,Daylight,Dry,Fatal,Pedestrian Collisions,Pedestrian,75 to 79,Fatal,15,South,Other, , , ,Vehicle turns right while ped crosses with ROW at inter.,Crossing with right of way,Normal, , , ,Yes, , , ,Yes, , , , ,Yes, , , ,D31,York West (7),7,21,Humber Summit (21),207
-79.574894050000012,43.76434668,7380797,1278086,2012,2012-01-30T05:00:00.000Z,1428,14,STEELES AVE W,ISLINGTON AVE, ,Major Arterial,Etobicoke York,43.76434668,-79.57489405,Intersection,At Intersection,Traffic Signal,Clear,Daylight,Dry,Fatal,Turning Movement,Driver,75 to 79,Fatal,6,West,"Automobile, Station Wagon",Turning Left,Lost control,Medical or Physical Disability, , , , , , , , ,Yes, , , , , , , , , ,Yes,D31,York West (7),7,21,Humber Summit (21),208
-79.37829029,43.66624538,5226635,1098793,2009,2009-04-03T04:00:00.000Z,1429,14,JARVIS ST,WELLESLEY ST E, ,Major Arterial,Toronto East York,43.66624538,-79.37829029,Intersection,At Intersection,Traffic Signal,Rain,Daylight,Wet,Fatal,Pedestrian Collisions,Pedestrian,90 to 94,Fatal,11,East,Other, , , ,Vehicle turns left while ped crosses without ROW at inter.,Crossing without right of way,Inattentive, , , ,Yes, ,Yes, , , , , , , , , , ,D51,Toronto Centre-Rosedale (27),27,71,Cabbagetown-South St.James Town (71),209
-79.48286829,43.68835791,80499255,6000032002,2016,2016-01-06T05:00:00.000Z,1429,14,BLACK CREEK DR,EGLINTON AVE W,13 m West of,Major Arterial,Etobicoke York,43.68835791,-79.48286829,Intersection,Intersection Related,Traffic Signal,Clear,Daylight,Dry,Fatal,Turning Movement,Driver,90 to 94,Fatal,5,West,"Automobile, Station Wagon",Going Ahead,Driving Properly,Normal, , , , , , , , ,Yes, , , , , , , , , , ,D12,York South-Weston (12),12,110,Keelesdale-Eglinton West (110),210
-79.41779029,43.78894538,6804593,1239243,2011,2011-06-17T04:00:00.000Z,1432,14,WEDGEWOOD DR,YONGE ST, ,Major Arterial,North York,43.78894538,-79.41779029,Intersection,At Intersection,Stop Sign,Clear,Daylight,Dry,Fatal,Pedestrian Collisions,Pedestrian,5 to 9,Fatal,10,South,Other, , , ,Vehicle is going straight thru inter.while ped cross with ROW,Crossing with right of way,Normal, , , ,Yes, ,Yes, , , , , , ,Yes, , , ,D32,Willowdale (24),24,50,Newtonbrook East (50),211
-79.37714777,43.71102865,80500721,6000087893,2016,2016-01-15T05:00:00.000Z,1435,14,BAYVIEW AVE,EGLINTON AVE E,6 m North of,Major Arterial,Toronto East York,43.71102865,-79.37714777,Intersection,Intersection Related,Traffic Signal,Clear,Daylight,Wet,Fatal,Pedestrian Collisions,Pedestrian,80 to 84,Fatal,6,East, , , , ,Vehicle turns right while ped crosses with ROW at inter.,Crossing with right of way,Normal, , , ,Yes, ,Yes, , , , ,Yes, , , , , ,D53,Don Valley West (26),26,56,Leaside-Bennington (56),212
-79.26792536,43.73219259,80545821,6000983076,2016,2016-06-06T04:00:00.000Z,1435,14,KENNEDY RD,EGLINTON AVE E, ,Major Arterial,Scarborough,43.73219259,-79.26792536,Intersection,At Intersection,Traffic Signal,Clear,Daylight,Dry,Fatal,Turning Movement,Passenger,65 to 69,Fatal,44, , , , , , , , , , , , , ,Yes, , , , ,Yes, ,Yes,Yes, , ,D41,Scarborough Southwest (35),35,124,Kennedy Park (124),213
-79.38629029,43.65004538,7486701,1324513,2012,2012-11-07T05:00:00.000Z,1437,14,RICHMOND ST W,UNIVERSITY AVE, ,Major Arterial,Toronto East York,43.65004538,-79.38629029,Intersection,At Intersection,Traffic Signal,Clear,Daylight,Dry,Fatal,Cyclist Collisions,Cyclist,55 to 59,Fatal,38,West,Bicycle,Going Ahead, , , , , ,"Cyclist without ROW rides into path of motorist at inter, lnwy, dwy-Cyclist not turn.",Disobeyed Traffic Control,Unknown, ,Yes,Yes, , , , ,Yes, , , , , ,D52,Trinity-Spadina (20),20,76,Bay Street Corridor (76),214
-79.47280512,43.68489798,80491048,5001824991,2015,2015-10-23T04:00:00.000Z,1437,14,KEELE ST,DONALD AVE, ,Major Arterial,Etobicoke York,43.68489798,-79.47280512,Intersection,Intersection Related,Traffic Signal,Clear,Daylight,Dry,Fatal,Pedestrian Collisions,Pedestrian,75 to 79,Fatal,53,East, , , , ,Vehicle turns left while ped crosses with ROW at inter.,Crossing with right of way,Normal, , , ,Yes, ,Yes, , , , , , , , , , ,D12,York South-Weston (12),12,110,Keelesdale-Eglinton West (110),215
-79.32799029,43.74024538,6671921,1252228,2011,2011-08-30T04:00:00.000Z,1438,14,LAWRENCE AVE E,E OF DVP ON RAMP Aven, ,Major Arterial,North York,43.74024538,-79.32799029,Mid-Block, ,No Control,Clear,Daylight,Dry,Fatal,Rear End,Passenger,40 to 44,Fatal,22, ,Other, , , , , , , , , , , ,Yes, ,Yes,Yes, ,Yes,Yes,Yes, , , ,D33,Don Valley East (34),34,43,Victoria Village (43),216
-79.39068995,43.6798435,7775216,1335553,2013,2013-01-15T05:00:00.000Z,1438,14,YONGE ST,MARLBOROUGH AVE, ,Major Arterial,Toronto East York,43.6798435,-79.39068995,Intersection,At Intersection,Stop Sign,Clear,Daylight,Dry,Fatal,Pedestrian Collisions,Pedestrian,75 to 79,Fatal,3,West, , , , ,Vehicle turns left while ped crosses without ROW at inter.,Crossing without right of way,Inattentive, , , ,Yes, ,Yes, , , , ,Yes, , , , , ,D53,Toronto Centre-Rosedale (27),27,98,Rosedale-Moore Park (98),217
-79.34909029,43.78274538,5316444,1018347,2008,2008-01-31T05:00:00.000Z,1440,14,DON MILLS RD E,GODSTONE RD, ,Major Arterial,North York,43.78274538,-79.34909029,Intersection,At Intersection,Traffic Signal,Clear,Daylight,Dry,Fatal,SMV Other,Passenger,80 to 84,Fatal,6, ,Other, , , , , , , , , , , ,Yes, , , , ,Yes, , , , , ,D33,Don Valley East (33),33,47,Don Valley Village (47),218
-79.39692316,43.68751105,3738222,977199,2013,2013-11-15T05:00:00.000Z,1440,14,64 ST CLAIR AVE W, , ,Major Arterial,Toronto East York,43.68751105,-79.39692316,Mid-Block, ,No Control,Clear,Daylight,Dry,Fatal,Pedestrian Collisions,Pedestrian,80 to 84,Fatal,53,South, , , , ,Pedestrian involved in a collision with transit vehicle anywhere along roadway,"Crossing, no Traffic Control",Inattentive, , , ,Yes, ,Yes, , ,Yes, ,Yes, , , , , ,D53,St. Paul's (22),22,97,Yonge-St.Clair (97),219
-79.29066859,43.81116064,80566658,6002208039,2016,2016-12-13T05:00:00.000Z,1440,14,MIDLAND AVE,KILCULLEN CASTLE GT, ,Major Arterial,Scarborough,43.81116064,-79.29066859,Mid-Block,Non Intersection,No Control,Clear,Daylight,Dry,Fatal,Pedestrian Collisions,Pedestrian,70 to 74,Fatal,77,West, , , , ,Pedestrian hit at mid-block,"Crossing, no Traffic Control",Normal, , , ,Yes, ,Yes, , , , , , , , , , ,D42,Scarborough-Rouge River (41),41,129,Agincourt North (129),220
-79.54233179,43.75201758,80631859,7000155315,2017,2017-01-25T05:00:00.000Z,1440,14,FINCH AVE W,WESTON RD, ,Major Arterial,Etobicoke York,43.75201758,-79.54233179,Intersection,At Intersection,Traffic Signal,Clear,Daylight,Wet,Fatal,Angle,Driver,85 to 89,Fatal,6,South,"Automobile, Station Wagon",Going Ahead,Lost control,Medical or Physical Disability, , , , , , , , ,Yes, , , , , , , , , ,Yes,D31,York West (7),7,22,Humbermede (22),221
-79.33229456,43.73837622,80542279,6000942671,2016,2016-05-31T04:00:00.000Z,1441,14,DON VALLEY PARKWAY  S,LAWRENCE AVE E, ,Expressway,North York,43.73837622,-79.33229456,Mid-Block,Non Intersection,No Control,Clear,Daylight,Dry,Fatal,Rear End,Driver,70 to 74,Fatal,35,South,"Automobile, Station Wagon",Going Ahead,Speed too Slow,Inattentive, , , , , , , , ,Yes, ,Yes, , , , , , , , ,D33,Don Valley East (34),34,42,Banbury-Don Mills (42),222
-79.258790289999979,43.73604538,5044012,1134663,2009,2009-11-03T05:00:00.000Z,1445,14,GILDER DR,MIDLAND AVE, ,Major Arterial,Scarborough,43.73604538,-79.25879029,Intersection,At Intersection,Traffic Signal,Clear,Daylight,Dry,Fatal,Pedestrian Collisions,Pedestrian,85 to 89,Fatal,37,East,Other, , , ,Vehicle turns left while ped crosses with ROW at inter.,Crossing with right of way,Unknown, , , ,Yes, ,Yes, , , , , , ,Yes, , , ,D41,Scarborough Centre (37),37,138,Eglinton East (138),223
-79.35589029,43.66514538,7514335,1290105,2012,2012-04-20T04:00:00.000Z,1447,14,DON VALLEY PARKWAY  N,GERRARD ST E, ,Expressway,Toronto East York,43.66514538,-79.35589029,Mid-Block, ,No Control,Clear,Daylight,Dry,Fatal,SMV Other,Motorcycle Driver,35 to 39,Fatal,11,North,Motorcycle,Going Ahead,Exceeding Speed Limit,Unknown, , , , , , , , , ,Yes, , , , ,Yes,Yes, , , ,D55,Toronto-Danforth (30),30,68,North Riverdale (68),224
-79.28029029,43.68464538,5792659,1117854,2009,2009-08-07T04:00:00.000Z,1448,14,179 FALLINGBROOK RD, , ,Collector,Scarborough,43.68464538,-79.28029029,Intersection, ,No Control,Clear,Daylight,Dry,Fatal,Pedestrian Collisions,Pedestrian,80 to 84,Fatal,21,North,Other, , , ,Pedestrian hit at private driveway,Other,Medical or Physical Disability, , , ,Yes, ,Yes, , , , , , , , , , ,D41,Scarborough Southwest (36),36,122,Birchcliffe-Cliffside (122),225
-79.44399029,43.65804538,5253286,1110725,2009,2009-06-23T04:00:00.000Z,1449,14,BLOOR ST W,ST HELENS AVE, ,Major Arterial,Toronto East York,43.65804538,-79.44399029,Intersection,At Intersection,Stop Sign,Clear,Daylight,Dry,Fatal,Pedestrian Collisions,Pedestrian,75 to 79,Fatal,17,West,Other, , , ,Vehicle turns left while ped crosses with ROW at inter.,Crossing with right of way,Normal, , , ,Yes, , , ,Yes, , , , ,Yes, , , ,D11,Davenport (18),18,83,Dufferin Grove (83),226
-79.41788874,43.72784384,7808675,1351876,2013,2013-04-16T04:00:00.000Z,1450,14,AVENUE RD,FAIRLAWN AVE, ,Major Arterial,North York,43.72784384,-79.41788874,Intersection, ,Traffic Signal,Clear,Daylight,Dry,Fatal,Pedestrian Collisions,Pedestrian,65 to 69,Fatal,12,West, , , , ,Pedestrian hit at mid-block,"Crossing, no Traffic Control",Unknown, , , ,Yes, , , ,Yes, , , , , , , , ,D32,Eglinton-Lawrence (16),16,39,Bedford Park-Nortown (39),227
-79.38238917,43.65964468,7815051,1354707,2013,2013-05-04T04:00:00.000Z,1450,14,YONGE ST,GERRARD ST E, ,Major Arterial,Toronto East York,43.65964468,-79.38238917,Mid-Block, ,No Control,Clear,Daylight,Dry,Fatal,Pedestrian Collisions,Motorcycle Driver,40 to 44,Fatal,13,North,Motorcycle,Changing Lanes,Improper Lane Change,Normal, , , , , , ,Yes, , ,Yes, , , , , , , , , ,D52,Toronto Centre-Rosedale (27),27,76,Bay Street Corridor (76),228
-79.36499415,43.65693243,80546836,6001326720,2016,2016-07-28T04:00:00.000Z,1450,14,PARLIAMENT ST,SHUTER ST, ,Minor Arterial,Toronto East York,43.65693243,-79.36499415,Intersection,At Intersection,Traffic Signal,Clear,Daylight,Dry,Fatal,Pedestrian Collisions,Pedestrian,80 to 84,Fatal,49,West, , , , ,Vehicle is going straight thru inter.while ped cross without ROW,Crossing without right of way,Normal, , , ,Yes, , , ,Yes, , , , , , , , ,D51,Toronto Centre-Rosedale (28),28,72,Regent Park (72),229
-79.49319029,43.670245379999983,7559685,1318483,2012,2012-10-05T04:00:00.000Z,1455,14,JANE ST,CORBETT AVE, ,Major Arterial,Etobicoke York,43.67024538,-79.49319029,Intersection, ,No Control,Clear,Daylight,Dry,Fatal,SMV Other,Motorcycle Driver,35 to 39,Fatal,33,North,Motorcycle,Going Ahead,Driving Properly,Normal, , , , , , , , ,Yes,Yes, , , , , , , , , ,D12,York South-Weston (11),11,111,Rockcliffe-Smythe (111),230
-79.35469029,43.79264538,5794771,1140988,2009,2009-12-08T05:00:00.000Z,1456,14,FINCH AVE E,DON MILLS RD, ,Major Arterial,North York,43.79264538,-79.35469029,Intersection, ,Traffic Signal,Clear,Daylight,Dry,Fatal,Turning Movement,Passenger,85 to 89,Fatal,44, ,Other, , , , , , , , , , , ,Yes, , , , ,Yes, , , , , ,D33,Don Valley East (33),33,47,Don Valley Village (47),231
-79.30168543,43.72236975,80000055,131219717,2013,2013-12-24T05:00:00.000Z,1500,15,VICTORIA PARK AVE,O CONNOR DR, ,Major Arterial,Scarborough,43.72236975,-79.30168543,Mid-Block, ,Stop Sign,Clear,Daylight,Dry,Fatal,Pedestrian Collisions,Pedestrian,70 to 74,Fatal,63,East, , , , ,Pedestrian hit at mid-block,"Crossing, no Traffic Control",Unknown, , , ,Yes, ,Yes, , , , , , , , , , ,D41,Scarborough Southwest (35),35,120,Clairlea-Birchmount (120),232
-79.532590289999987,43.683045379999989,4293077,995785,2007,2007-10-10T04:00:00.000Z,1503,15,LA ROSE AVE,WATLING ST, ,Local,Etobicoke York,43.68304538,-79.53259029,Intersection, ,No Control,Clear,Daylight,Wet,Fatal,SMV Other,Driver,55 to 59,Fatal,0,East,"Automobile, Station Wagon",Going Ahead,Exceeding Speed Limit,Unknown, , , , , , , , ,Yes, , , , , ,Yes,Yes, , , ,D23,Etobicoke Centre (4),4,7,Willowridge-Martingrove-Richview (7),233
-79.59529029,43.75954538,6115276,1156744,2010,2010-03-09T05:00:00.000Z,1504,15,STEELES AVE W,GIHON SPRING DR, ,Major Arterial,Etobicoke York,43.75954538,-79.59529029,Mid-Block, ,No Control,Clear,Daylight,Dry,Fatal,Approaching,Driver,45 to 49,Fatal,14,East,"Automobile, Station Wagon",Going Ahead,Lost control,Unknown, , , , , , , , ,Yes, ,Yes, , , , , , , , ,D23,Etobicoke North (1),1,2,Mount Olive-Silverstone-Jamestown (2),234
-79.48443995,43.649261079999988,80757191,7001289449,2017,2017-07-18T04:00:00.000Z,1504,15,BLOOR ST W,JANE ST, ,Major Arterial,Etobicoke York,43.64926108,-79.48443995,Intersection,At Intersection,Traffic Signal,Clear,Daylight,Dry,Fatal,Rear End,Motorcycle Driver,70 to 74,Fatal,31,East,Motorcycle,Going Ahead,Driving Properly,Unknown, , , , , , , , , ,Yes,Yes, , , , , , , , ,D11,Parkdale-High Park (13),13,87,High Park-Swansea (87),235
-79.41439029,43.72864538,7516539,1329059,2012,2012-12-03T05:00:00.000Z,1507,15,ELM RD,FAIRLAWN AVE, ,Collector,North York,43.72864538,-79.41439029,Intersection,At Intersection,Stop Sign,Clear,Daylight,Dry,Fatal,Pedestrian Collisions,Pedestrian,85 to 89,Fatal,41,East,Other, , , ,Vehicle is going straight thru inter.while ped cross with ROW,Crossing with right of way,Normal, , , ,Yes, ,Yes, , , , , , ,Yes, , , ,D32,Eglinton-Lawrence (16),16,105,Lawrence Park North (105),236
-79.30208979,43.72337301,80221527,4003192512,2014,2014-10-28T04:00:00.000Z,1515,15,VICTORIA PARK AVE,O CONNOR DR, ,Major Arterial,Scarborough,43.72337301,-79.30208979,Intersection,Intersection Related,Traffic Signal,Other,Daylight,Dry,Fatal,Cyclist Collisions,Cyclist,70 to 74,Fatal,36,South,Bicycle,Going Ahead, , , , , ,Motorist turning right on green or amber at signalized intersection strikes cyclist.,Other,Other, ,Yes,Yes, , , , , , , , , , ,D41,Scarborough Southwest (35),35,120,Clairlea-Birchmount (120),237
-79.50060664,43.62156256,80000073,2015260881,2015,2015-02-13T05:00:00.000Z,1516,15,ROYAL YORK RD,MANITOBA ST, ,Minor Arterial,Etobicoke York,43.62156256,-79.50060664,Intersection, ,No Control,Other,Daylight,Other,Fatal,Other,Passenger,75 to 79,Fatal,5, , , , , , , , , , , , , , , , ,Yes, ,Yes, , , , , ,D22,Etobicoke-Lakeshore (6),6,17,Mimico (includes Humber Bay Shores) (17),238
-79.52879029,43.62624538,7845040,1367518,2013,2013-07-22T04:00:00.000Z,1519,15,KIPLING AVE,JUTLAND RD, ,Major Arterial,Etobicoke York,43.62624538,-79.52879029,Intersection,At Intersection,Stop Sign,Clear,Daylight,Dry,Fatal,Turning Movement,Motorcycle Driver,20 to 24,Fatal,23,North,Motorcycle,Going Ahead,Driving Properly,Normal, , , , , , , , ,Yes,Yes, , , , , ,Yes, , , ,D22,Etobicoke-Lakeshore (5),5,14,Islington-City Centre West (14),239
-79.34499029,43.73684538,7527468,1298038,2012,2012-06-08T04:00:00.000Z,1520,15,LAWRENCE AVE E,KARL FRASER  RD, ,Major Arterial,North York,43.73684538,-79.34499029,Intersection, ,No Control,Clear,Daylight,Dry,Fatal,Turning Movement,Motorcycle Driver,40 to 44,Fatal,17,East,Motorcycle,Going Ahead,Driving Properly,Normal, , , , , , , , ,Yes,Yes, , , , , ,Yes, , , ,D33,Don Valley West (25),25,42,Banbury-Don Mills (42),240
-79.42474757,43.79696615,80000012,131031283,2013,2013-11-24T05:00:00.000Z,1521,15,100 STEELES AVE W, , ,Major Arterial,North York,43.79696615,-79.42474757,Intersection, ,Traffic Signal,Clear,"Dark, artificial",Dry,Fatal,Pedestrian Collisions,Pedestrian,40 to 44,Fatal,56,South, , , , ,Vehicle turns right while ped crosses with ROW at inter.,Crossing with right of way,Normal, , , ,Yes, ,Yes, , , , , , ,Yes, , , ,D32,Willowdale (23),23,36,Newtonbrook West (36),241
-79.27088557,43.68768652,80790892,7003241293,2017,2017-12-21T05:00:00.000Z,1528,15,KINGSTON RD,WARDEN AVE, ,Major Arterial,Scarborough,43.68768652,-79.27088557,Intersection,At Intersection,Traffic Signal,Other,Daylight,Other,Fatal,Pedestrian Collisions,Pedestrian,40 to 44,Fatal,62,South, , , , ,Vehicle is going straight thru inter.while ped cross with ROW,Crossing with right of way,Unknown, , , ,Yes, ,Yes, , , , , , ,Yes,Yes,Yes, ,D41,Scarborough Southwest (36),36,122,Birchcliffe-Cliffside (122),242
-79.53559029,43.72644538,5329697,1024623,2008,2008-02-29T05:00:00.000Z,1530,15,WESTON RD,STARVIEW LANE, ,Major Arterial,Etobicoke York,43.72644538,-79.53559029,Intersection, ,No Control,Snow,Daylight,Slush,Fatal,Approaching,Passenger,30 to 34,Fatal,10, ,Other, , , , , , , , , , , ,Yes, ,Yes, , ,Yes,Yes,Yes, , , ,D31,York West (7),7,23,Pelmo Park-Humberlea (23),243
-79.53559029,43.72644538,5329698,1024623,2008,2008-02-29T05:00:00.000Z,1530,15,WESTON RD,STARVIEW LANE, ,Major Arterial,Etobicoke York,43.72644538,-79.53559029,Intersection, ,No Control,Snow,Daylight,Slush,Fatal,Approaching,Driver,55 to 59,Fatal,9,North,"Automobile, Station Wagon",Going Ahead,Speed too Fast For Condition,Normal, , , , , , , , ,Yes, ,Yes, , ,Yes,Yes,Yes, , , ,D31,York West (7),7,23,Pelmo Park-Humberlea (23),244
-79.179081059999987,43.79375418,80741749,7000701050,2017,2017-04-21T04:00:00.000Z,1530,15,HALFMOON SQ,CANMORE BLVD,north of,Local,Scarborough,43.79375418,-79.17908106,Intersection,Intersection Related,No Control,Clear,"Daylight, artificial",Dry,Fatal,Pedestrian Collisions,Pedestrian,5 to 9,Fatal,19,East, , , , ,Vehicle hits the pedestrian walking or running out from between parked vehicles at mid-block,Running onto Roadway,Inattentive, , , ,Yes, ,Yes, , , , , , , , , , ,D43,Scarborough East (44),44,134,Highland Creek (134),245
-79.60679255,43.73074682,7856191,1372377,2013,2013-08-27T04:00:00.000Z,1533,15,HUMBER COLLEGE Blvd,WINDWOOD Dr, ,Minor Arterial,Etobicoke York,43.73074682,-79.60679255,Mid-Block, ,Pedestrian Crossover,Clear,Daylight,Dry,Fatal,Pedestrian Collisions,Pedestrian,55 to 59,Fatal,35,South, , , , ,Pedestrian hit a PXO/ped. Mid-block signal,"Crossing, Pedestrian Crossover",Normal, , , ,Yes, ,Yes, , , , , ,Yes,Yes, , , ,D23,Etobicoke North (1),1,1,West Humber-Clairville (1),246
-79.47174464,43.65205725,80681701,7000416403,2017,2017-03-07T05:00:00.000Z,1538,15,BLOOR ST W,KENNEDY PARK RD,8.6 m East of,Major Arterial,Etobicoke York,43.65205725,-79.47174464,Intersection,Intersection Related,No Control,Clear,Daylight,Dry,Fatal,Approaching,Passenger,35 to 39,Fatal,10, ,"Automobile, Station Wagon", , , , , , , , , , , ,Yes, , , , ,Yes, ,Yes, , , ,D11,Parkdale-High Park (13),13,87,High Park-Swansea (87),247
-79.28489029,43.80054538000001,6672317,1252379,2011,2011-09-01T04:00:00.000Z,1540,15,MIDLAND AVE,BAYLAWN DR, ,Major Arterial,Scarborough,43.80054538,-79.28489029,Mid-Block, ,No Control,Clear,Daylight,Dry,Fatal,SMV Other,Driver,35 to 39,Fatal,23,South,"Automobile, Station Wagon",Going Ahead,Lost control,Unknown, , , , , , , , ,Yes, , , , , ,Yes,Yes, , , ,D42,Scarborough-Rouge River (41),41,129,Agincourt North (129),248
-79.25159083,43.70364722,7792626,1345175,2013,2013-03-07T05:00:00.000Z,1545,15,CLIFFSIDE DR,EAST HAVEN DR, ,Local,Scarborough,43.70364722,-79.25159083,Intersection, ,Stop Sign,Clear,Daylight,Wet,Fatal,Pedestrian Collisions,Pedestrian,5 to 9,Fatal,6,West, , , , ,Vehicle turns left while ped crosses with ROW at inter.,Crossing with right of way,Normal, , , ,Yes, , , ,Yes, , , , ,Yes, , , ,D41,Scarborough Southwest (36),36,122,Birchcliffe-Cliffside (122),249
-79.24448786,43.7485462,7857845,1373040,2013,2013-08-30T04:00:00.000Z,1545,15,DANFORTH RD,BARDSEA CRT, ,Major Arterial,Scarborough,43.7485462,-79.24448786,Intersection,At Intersection,Stop Sign,Clear,Daylight,Dry,Fatal,Turning Movement,Motorcycle Driver,45 to 49,Fatal,36,North,Motorcycle,Changing Lanes,Improper Lane Change,Normal, , , , , , , , ,Yes,Yes,Yes, , , , ,Yes, , , ,D43,Scarborough Centre (38),38,127,Bendale (127),250