X,Y,Index_,ACCNUM,YEAR,DATE,TIME,Hour,STREET1,STREET2,OFFSET,ROAD_CLASS,District,LATITUDE,LONGITUDE,LOCCOORD,ACCLOC,TRAFFCTL,VISIBILITY,LIGHT,RDSFCOND,ACCLASS,IMPACTYPE,INVTYPE,INVAGE,INJURY,FATAL_NO,INITDIR,VEHTYPE,MANOEUVER,DRIVACT,DRIVCOND,PEDTYPE,PEDACT,PEDCOND,CYCLISTYPE,CYCACT,CYCCOND,PEDESTRIAN,CYCLIST,AUTOMOBILE,MOTORCYCLE,TRUCK,TRSN_CITY_VEH,EMERG_VEH,PASSENGER,SPEEDING,AG_DRIV,REDLIGHT,ALCOHOL,DISABILITY,Division,Ward_Name,Ward_ID,Hood_ID,Hood_Name,FID
-79.274997810000016,43.82954748,80783203,7001764156,2017,2017-09-28T04:00:00.000Z,2135,21,4322 MCCOWAN RD, ,30 m South of,Major Arterial,Scarborough,43.82954748,-79.27499781,Mid-Block,Non Intersection,No Control,Clear,"Dark, artificial",Dry,Fatal,Pedestrian Collisions,Pedestrian,70 to 74,Fatal,46,West, , , , ,Pedestrian hit at mid-block,"Crossing, no Traffic Control",Normal, , , ,Yes, ,Yes, , , , , , , , , , ,D42,Scarborough-Rouge River (41),41,130,Milliken (130),544
-79.39442072,43.72570379,80197010,1501196464,2015,2015-07-14T04:00:00.000Z,2137,21,BUCKINGHAM AVE,DINNICK CRES, ,Local,North York,43.72570379,-79.39442072,Intersection, ,Stop Sign,Other,"Dark, artificial",Other,Fatal,Pedestrian Collisions,Pedestrian,70 to 74,Fatal,34,North, , , , ,Vehicle turns left while ped crosses with ROW at inter.,Crossing with right of way,Normal, , , ,Yes, ,Yes, , , , , , ,Yes, , , ,D53,Don Valley West (25),25,103,Lawrence Park South (103),545
-79.22295008,43.74228628,80503971,6000707918,2016,2016-04-25T04:00:00.000Z,2139,21,EGLINTON AVE E,BEACHELL ST, ,Major Arterial,Scarborough,43.74228628,-79.22295008,Mid-Block,Non Intersection,No Control,Rain,Dark,Wet,Fatal,Pedestrian Collisions,Pedestrian,60 to 64,Fatal,28,North, , , , ,Pedestrian hit at mid-block,"Crossing, no Traffic Control",Normal, , , ,Yes, ,Yes, , , , , , , , , , ,D43,Scarborough Southwest (36),36,139,Scarborough Village (139),546
-79.4476739,43.69625052,80000020,141375171,2014,2014-01-19T05:00:00.000Z,2145,21,EGLINTON AVE W,NORTHCLIFFE BLVD, ,Major Arterial,North York,43.69625052,-79.4476739,Intersection, ,Traffic Signal,Clear,"Dark, artificial",Wet,Fatal,Pedestrian Collisions,Pedestrian,35 to 39,Fatal,1,South, , , , ,Vehicle is going straight thru inter.while ped cross without ROW,Crossing without right of way,Unknown, , , ,Yes, ,Yes, , , , , , , , , , ,D13,Eglinton-Lawrence (15),15,107,Oakwood Village (107),547
-79.24618159,43.82022818,80503036,6000548529,2016,2016-03-31T04:00:00.000Z,2146,21,MARKHAM RD,NASHDENE RD, ,Major Arterial,Scarborough,43.82022818,-79.24618159,Intersection,Intersection Related,Traffic Signal,Rain,Dark,Wet,Fatal,Pedestrian Collisions,Pedestrian,55 to 59,Fatal,20,West, , , , ,Vehicle turns left while ped crosses without ROW at inter.,Crossing without right of way,Inattentive, , , ,Yes, ,Yes, , , , , , , , , , ,D42,Scarborough-Rouge River (41),41,131,Rouge (131),548
-79.24579029,43.81944538,5402315,1057151,2008,2008-09-08T04:00:00.000Z,2150,21,MARKHAM RD,NASHDENE RD, ,Major Arterial,Scarborough,43.81944538,-79.24579029,Mid-Block, ,No Control,Rain,Dark,Wet,Fatal,Pedestrian Collisions,Pedestrian,45 to 49,Fatal,38,West,Other, , , ,Pedestrian hit at mid-block,Running onto Roadway,Unknown, , , ,Yes, ,Yes, , , , , , , , , , ,D42,Scarborough-Rouge River (42),42,131,Rouge (131),549
-79.39319239,43.668845729999987,5278939,1121922,2009,2009-08-31T04:00:00.000Z,2150,21,BLOOR ST W,AVENUE RD, ,Major Arterial,Toronto East York,43.66884573,-79.39319239,Mid-Block, ,No Control,Clear,Dark,Dry,Fatal,Pedestrian Collisions,Pedestrian,30 to 34,Fatal,23,West, , , , ,Other / Undefined,Other,Had Been Drinking, , , ,Yes, ,Yes, , , , , , , , , , ,D52,Toronto Centre-Rosedale (27),27,76,Bay Street Corridor (76),550
-79.446643929999979,43.68681296,80143414,1501079056,2015,2015-06-26T04:00:00.000Z,2150,21,2058 DUFFERIN ST, , ,Major Arterial,Etobicoke York,43.68681296,-79.44664393,Mid-Block, ,No Control,Clear,"Dark, artificial",Dry,Fatal,Pedestrian Collisions,Pedestrian,80 to 84,Fatal,32,West, , , , ,Pedestrian hit at mid-block,"Crossing, no Traffic Control",Normal, , , ,Yes, ,Yes, , , , , , , , , , ,D13,Davenport (17),17,109,Caledonia-Fairbank (109),551
-79.24899029,43.73644538,7527566,1304055,2012,2012-07-13T04:00:00.000Z,2151,21,EGLINTON AVE E,BRIMLEY RD, ,Major Arterial,Scarborough,43.73644538,-79.24899029,Mid-Block, ,No Control,Clear,"Dark, artificial",Dry,Fatal,Pedestrian Collisions,Pedestrian,45 to 49,Fatal,21,North,Other, , , ,Pedestrian hit at mid-block,"Crossing, no Traffic Control",Unknown, , , ,Yes, ,Yes, , , , , , , , , , ,D41,Scarborough Southwest (35),35,124,Kennedy Park (124),552
-79.37065516,43.67193564,80566642,6002114627,2016,2016-11-28T05:00:00.000Z,2153,21,BLOOR ST E,PARLIAMENT ST, ,Major Arterial,Toronto East York,43.67193564,-79.37065516,Intersection,At Intersection,Traffic Signal,Clear,Dark,Dry,Fatal,SMV Other,Passenger,25 to 29,Fatal,74, , , , , , , , , , , , , ,Yes, , , , ,Yes, , , , , ,D51,Toronto Centre-Rosedale (28),28,71,Cabbagetown-South St.James Town (71),553
-79.40599029,43.67214538,4406009,991482,2007,2007-09-20T04:00:00.000Z,2155,21,SPADINA RD,BERNARD AVE, ,Minor Arterial,Toronto East York,43.67214538,-79.40599029,Intersection,At Intersection,Traffic Signal,Clear,Dark,Dry,Fatal,Turning Movement,Passenger,20 to 24,Fatal,0, ,Other, , , , , , , , , , , ,Yes, , , , ,Yes,Yes,Yes, , , ,D53,Trinity-Spadina (20),20,95,Annex (95),554
-79.46399029,43.78844538,5381356,1047968,2008,2008-07-11T04:00:00.000Z,2155,21,STEELES AVE W,HIDDEN TRL, ,Major Arterial,North York,43.78844538,-79.46399029,Mid-Block, ,No Control,Clear,Dark,Dry,Fatal,Approaching,Driver,30 to 34,Fatal,30,East,"Automobile, Station Wagon",Going Ahead,Lost control,Unknown, , , , , , , , ,Yes, ,Yes, , ,Yes,Yes,Yes, , , ,D32,York Centre (10),10,35,Westminster-Branson (35),555
-79.40669029,43.78054538,7852278,1370644,2013,2013-08-15T04:00:00.000Z,2201,22,WILLOWDALE AVE,OLIVE AVE, ,Minor Arterial,North York,43.78054538,-79.40669029,Intersection,At Intersection,No Control,Clear,"Dark, artificial",Dry,Fatal,Turning Movement,Motorcycle Driver,20 to 24,Fatal,31,North,Motorcycle,Going Ahead,Exceeding Speed Limit,Unknown, , , , , , , , ,Yes,Yes, , , , ,Yes,Yes, , , ,D32,Willowdale (23),23,51,Willowdale East (51),556
-79.2473794,43.73516424,80000132,2015800766,2015,2015-05-13T04:00:00.000Z,2208,22,DANFORTH RD,BRIMLEY RD, ,Major Arterial,Scarborough,43.73516424,-79.2473794,Intersection,At Intersection,Traffic Signal,Clear,Dark,Dry,Fatal,Pedestrian Collisions,Pedestrian,30 to 34,Fatal,21,North, , , , ,Vehicle is going straight thru inter.while ped cross without ROW,Crossing without right of way,Unknown, , , ,Yes, ,Yes, , , , , , , , , , ,D43,Scarborough Southwest (35),35,138,Eglinton East (138),557
-79.35519029,43.790045379999988,7378164,1276186,2012,2012-01-20T05:00:00.000Z,2214,22,SENECA HILL DR,DON MILLS RD, ,Collector,North York,43.79004538,-79.35519029,Mid-Block, ,No Control,Snow,Dark,Packed Snow,Fatal,SMV Other,Driver,85 to 89,Fatal,4,West,"Automobile, Station Wagon",Going Ahead,Lost control,Unknown, , , , , , , , ,Yes, , , , , , , , , , ,D33,Don Valley East (33),33,47,Don Valley Village (47),558
-79.4519311,43.67599447,80000039,142657110,2014,2014-08-07T04:00:00.000Z,2214,22,ST CLAIR AVE W,LANSDOWNE AVE, ,Major Arterial,Etobicoke York,43.67599447,-79.4519311,Mid-Block, ,No Control,Clear,"Dark, artificial",Dry,Fatal,Pedestrian Collisions,Pedestrian,65 to 69,Fatal,20,Unknown, , , , ,Pedestrian involved in a collision with transit vehicle anywhere along roadway,Coming From Behind Parked Vehicle,Unknown, , , ,Yes, , , , ,Yes, , , , , , , ,D13,Davenport (17),17,92,Corso Italia-Davenport (92),559
-79.306186769999982,43.66434439,6179026,1184434,2010,2010-08-20T04:00:00.000Z,2215,22,LAKE SHORE BLVD E,JOSEPH DUGGAN  RD, ,Major Arterial,Toronto East York,43.66434439,-79.30618677,Intersection, ,Traffic Signal,Clear,Dark,Dry,Fatal,Pedestrian Collisions,Pedestrian,15 to 19,Fatal,29,North,Other, , , ,Pedestrian involved in a collision with transit vehicle anywhere along roadway,Crossing without right of way,Unknown, , , ,Yes, , , , ,Yes, , , , , , , ,D55,Beaches-East York (32),32,70,South Riverdale (70),560
-79.50099029,43.69154538,7394208,1285342,2012,2012-03-21T04:00:00.000Z,2215,22,JANE ST,NICKLE ST, ,Major Arterial,Etobicoke York,43.69154538,-79.50099029,Intersection, ,No Control,Clear,"Dark, artificial",Dry,Fatal,Pedestrian Collisions,Pedestrian,75 to 79,Fatal,9,East,Other, , , ,Pedestrian hit at mid-block,"Crossing, no Traffic Control",Normal, , , ,Yes, ,Yes, , , , , , , , , , ,D12,York South-Weston (11),11,115,Mount Dennis (115),561
-79.494464969999981,43.781509,80785438,7001974417,2017,2017-10-31T04:00:00.000Z,2223,22,STEELES AVE W,KEELE ST, ,Major Arterial,North York,43.781509,-79.49446497,Intersection,At Intersection,Traffic Signal,Other,Dark,Other,Fatal,Turning Movement,Passenger,45 to 49,Fatal,51, , , , , , , , , , , , , ,Yes, , , , ,Yes, ,Yes, , , ,D31,York West (8),8,27,York University Heights (27),562
-79.21289029,43.79914538,6804373,1224710,2011,2011-03-24T04:00:00.000Z,2225,22,SHEPPARD AVE E,MURISON BLVD, ,Major Arterial,Scarborough,43.79914538,-79.21289029,Intersection,At Intersection,Traffic Signal,Clear,Dark,Dry,Fatal,Pedestrian Collisions,Pedestrian,20 to 24,Fatal,6,South,Other, , , ,Vehicle is going straight thru inter.while ped cross without ROW,Crossing without right of way,Normal, , , ,Yes, ,Yes, , , , , ,Yes,Yes, , , ,D42,Scarborough-Rouge River (42),42,132,Malvern (132),563
-79.17248926,43.78214606,7841641,1366152,2013,2013-07-11T04:00:00.000Z,2225,22,WATSON ST,OLD KINGSTON RD, ,Minor Arterial,Scarborough,43.78214606,-79.17248926,Intersection,At Intersection,No Control,Clear,"Dark, artificial",Dry,Fatal,Pedestrian Collisions,Pedestrian,45 to 49,Fatal,21,West, , , , ,Vehicle turns left while ped crosses with ROW at inter.,Crossing with right of way,Normal, , , ,Yes, ,Yes, , , , , , ,Yes, , , ,D43,Scarborough East (44),44,133,Centennial Scarborough (133),564
-79.51839029,43.71874538,5374246,1044815,2008,2008-06-24T04:00:00.000Z,2226,22,WILSON AVE,JETHRO RD, ,Major Arterial,Etobicoke York,43.71874538,-79.51839029,Intersection,At Intersection,Traffic Signal,Clear,Dark,Dry,Fatal,Pedestrian Collisions,Pedestrian,75 to 79,Fatal,27,North,Other, , , ,Vehicle is going straight thru inter.while ped cross without ROW,Crossing without right of way,Unknown, , , ,Yes, ,Yes, , , , , ,Yes,Yes, , , ,D31,York West (7),7,26,Downsview-Roding-CFB (26),565
-79.3115655,43.7869068,6646622,1241592,2011,2011-07-01T04:00:00.000Z,2229,22,WARDEN AVE,HUNTINGWOOD DR, ,Major Arterial,Scarborough,43.7869068,-79.3115655,Mid-Block, ,No Control,Clear,Dark,Dry,Fatal,Pedestrian Collisions,Pedestrian,60 to 64,Fatal,12,West,Other, , , ,Pedestrian hit at mid-block,"Crossing, no Traffic Control",Unknown, , , ,Yes, ,Yes, , , , ,Yes, , , , , ,D42,Scarborough-Agincourt (40),40,117,L'Amoreaux (117),566
-79.438091379999989,43.64077719,80498961,6000294353,2016,2016-02-18T05:00:00.000Z,2230,22,MACDONELL AVE,LN n QUEEEN E FULLER,1 m South of,Local,Toronto East York,43.64077719,-79.43809138,Intersection,At Intersection,No Control,Clear,Dark,Dry,Fatal,Pedestrian Collisions,Pedestrian,70 to 74,Fatal,15,West, , , , ,Vehicle is going straight thru inter.while ped cross without ROW,Crossing without right of way,Inattentive, , , ,Yes, , , , ,Yes, , , , , , , ,D11,Parkdale-High Park (14),14,86,Roncesvalles (86),567
-79.37745295,43.64206656,80565107,6001553958,2016,2016-09-01T04:00:00.000Z,2230,22,BAY ST,HARBOUR ST, ,Major Arterial,Toronto East York,43.64206656,-79.37745295,Intersection,Intersection Related,Traffic Signal,Clear,"Dark, artificial",Dry,Fatal,Turning Movement,Motorcycle Driver,30 to 34,Fatal,56,North,Motorcycle,Going Ahead,Driving Properly,Unknown, , , , , , , , ,Yes,Yes, , , , ,Yes,Yes, , , ,D52,Toronto Centre-Rosedale (28),28,77,Waterfront Communities-The Island (77),568
-79.29210291,43.73890646,80787041,7002039286,2017,2017-11-10T05:00:00.000Z,2233,22,WARDEN AVE,WAYNE AVE,147 M North,Major Arterial,Scarborough,43.73890646,-79.29210291,Mid-Block,Non Intersection,No Control,Clear,"Dark, artificial",Dry,Fatal,Pedestrian Collisions,Pedestrian,55 to 59,Fatal,53,West, , , , ,Pedestrian hit at mid-block,"Crossing, no Traffic Control",Normal, , , ,Yes, ,Yes, , , , , , , , , , ,D41,Scarborough Centre (37),37,119,Wexford/Maryvale (119),569
-79.318290289999979,43.72614538,5423383,1066274,2008,2008-10-24T04:00:00.000Z,2235,22,EGLINTON AVE E,SWIFT DR, ,Major Arterial,North York,43.72614538,-79.31829029,Intersection,At Intersection,Traffic Signal,Rain,Dark,Wet,Fatal,Pedestrian Collisions,Pedestrian,75 to 79,Fatal,48,North,Other, , , ,Vehicle is going straight thru inter.while ped cross without ROW,Crossing without right of way,Unknown, , , ,Yes, ,Yes, , , , , , , , , , ,D33,Don Valley East (34),34,43,Victoria Village (43),570
-79.59279029,43.71134538,6196038,1191546,2010,2010-09-26T04:00:00.000Z,2235,22,HIGHWAY 27  N,VICE REGENT BLVD, ,Major Arterial,Etobicoke York,43.71134538,-79.59279029,Intersection,At Intersection,Stop Sign,Clear,Dark,Dry,Fatal,Turning Movement,Passenger,25 to 29,Fatal,32, ,Other, , , , , , , , , , , ,Yes, , , , ,Yes,Yes,Yes, ,Yes, ,D23,Etobicoke North (2),2,1,West Humber-Clairville (1),571
-79.24538813,43.75554617,7836746,1364079,2013,2013-07-05T04:00:00.000Z,2248,22,MCCOWAN RD,LAWRENCE AVE E, ,Major Arterial,Scarborough,43.75554617,-79.24538813,Intersection,At Intersection,Traffic Signal,Clear,"Dark, artificial",Dry,Fatal,Pedestrian Collisions,Pedestrian,75 to 79,Fatal,20,East, , , , ,Vehicle is going straight thru inter.while ped cross without ROW,Crossing without right of way,Had Been Drinking, , , ,Yes, ,Yes, , , , , , , , , , ,D43,Scarborough Centre (38),38,127,Bendale (127),572
-79.43379029,43.63274538,4211231,987376,2007,2007-08-30T04:00:00.000Z,2252,22,F G GARDINER XY  W,JAMESON AVE, ,Expressway,Toronto East York,43.63274538,-79.43379029,Mid-Block, ,No Control,Clear,Dark,Dry,Fatal,SMV Other,Motorcycle Driver,25 to 29,Fatal,0,West,Motorcycle,Going Ahead,Lost control,Normal, , , , , , , , , ,Yes, , , , , , , , , ,D14,Parkdale-High Park (14),14,85,South Parkdale (85),573
-79.24839029,43.76384538,6281283,1208694,2010,2010-12-18T05:00:00.000Z,2256,22,MCCOWAN RD,MELDAZY DR, ,Major Arterial,Scarborough,43.76384538,-79.24839029,Mid-Block, ,No Control,Clear,Dark,Dry,Fatal,Approaching,Driver,55 to 59,Fatal,41,North,"Automobile, Station Wagon",Going Ahead,Driving Properly,Inattentive, , , , , , , , ,Yes, , , , , , , , , , ,D43,Scarborough Centre (38),38,127,Bendale (127),574
-79.34989029,43.64854538,6111457,1154990,2010,2010-02-28T05:00:00.000Z,2300,23,VILLIERS ST,MUNITION ST, ,Local,Toronto East York,43.64854538,-79.34989029,Mid-Block, ,No Control,Clear,Dark,Dry,Fatal,SMV Unattended Vehicle,Driver,50 to 54,Fatal,12,East,"Automobile, Station Wagon",Going Ahead,Exceeding Speed Limit,Other, , , , , , , , ,Yes, , , , , ,Yes,Yes, , , ,D51,Toronto-Danforth (30),30,70,South Riverdale (70),575
-79.21576319,43.760802819999988,80757199,7001319124,2017,2017-07-22T04:00:00.000Z,2305,23,SCARBOROUGH GOLF CLUB RD,LAWRENCE AVE E,95 m South of,Minor Arterial,Scarborough,43.76080282,-79.21576319,Mid-Block,Non Intersection,No Control,Clear,"Dark, artificial",Dry,Fatal,Pedestrian Collisions,Pedestrian,80 to 84,Fatal,32,East, , , , ,Pedestrian hit at mid-block,"Crossing, no Traffic Control",Normal, , , ,Yes, ,Yes, , , , ,Yes, , , , , ,D43,Scarborough East (43),43,137,Woburn (137),576
-79.39758692,43.65184363,7826572,1359618,2013,2013-06-06T04:00:00.000Z,2306,23,SPADINA AVE,GRANGE AVE, ,Major Arterial,Toronto East York,43.65184363,-79.39758692,Intersection, ,No Control,Rain,"Dark, artificial",Wet,Fatal,Pedestrian Collisions,Pedestrian,75 to 79,Fatal,16,West, , , , ,Pedestrian hit at mid-block,Running onto Roadway,Unknown, , , ,Yes, ,Yes, , , , , , , , , , ,D52,Trinity-Spadina (20),20,78,Kensington-Chinatown (78),577
-79.296924690000012,43.70224722,80000041,142723300,2014,2014-08-17T04:00:00.000Z,2306,23,DAWES RD,GOWER ST, ,Minor Arterial,Toronto East York,43.70224722,-79.29692469,Intersection, ,Traffic Signal,Clear,"Dark, artificial",Dry,Fatal,Pedestrian Collisions,Pedestrian,60 to 64,Fatal,22,West, , , , ,Vehicle turns left while ped crosses with ROW at inter.,Crossing with right of way,Unknown, , , ,Yes, ,Yes, , , , ,Yes, ,Yes, , , ,D54,Beaches-East York (31),31,61,Taylor-Massey (61),578
-79.41212092,43.63742789,80000100,2015543987,2015,2015-04-01T04:00:00.000Z,2308,23,F G GARDINER XY  W,STRACHAN AVE, ,Expressway,Toronto East York,43.63742789,-79.41212092,Mid-Block, ,No Control,Clear,"Dark, artificial",Dry,Fatal,SMV Other,Motorcycle Driver,unknown,Fatal,15,West,Motorcycle,Going Ahead,Exceeding Speed Limit,Unknown, , , , , , , , , ,Yes, , , , ,Yes,Yes, , , ,D14,Trinity-Spadina (19),19,82,Niagara (82),579
-79.347980600000014,43.755549989999984,80783698,7001803207,2017,2017-10-04T04:00:00.000Z,2308,23,900 YORK MILLS RD, , ,Major Arterial,North York,43.75554999,-79.3479806,Mid-Block,Non Intersection,No Control,Clear,Dark,Dry,Fatal,Pedestrian Collisions,Pedestrian,60 to 64,Fatal,48,East, , , , ,Pedestrian hit on sidewalk or shoulder,On Sidewalk or Shoulder,Unknown, , , ,Yes, ,Yes, , , , , , , , , , ,D33,Don Valley East (34),34,42,Banbury-Don Mills (42),580
-79.458990290000017,43.63794538,6279955,1191582,2010,2010-09-26T04:00:00.000Z,2309,23,LAKE SHORE BLVD W,COLBORNE LODGE DR, ,Major Arterial,Etobicoke York,43.63794538,-79.45899029,Intersection,At Intersection,Traffic Signal,Clear,Dark,Dry,Fatal,Cyclist Collisions,Cyclist,25 to 29,Fatal,33,South,Bicycle,Going Ahead, , , , , ,"Cyclist without ROW rides into path of motorist at inter, lnwy, dwy-Cyclist not turn.",Disobeyed Traffic Control,Had Been Drinking, ,Yes,Yes, , , , , , , , , , ,D11,Parkdale-High Park (13),13,85,South Parkdale (85),581
-79.3965951,43.67471274,80497099,5000995174,2015,2015-06-13T04:00:00.000Z,2320,23,AVENUE RD,DAVENPORT RD, ,Major Arterial,Toronto East York,43.67471274,-79.3965951,Intersection,At Intersection,Traffic Signal,Clear,"Dark, artificial",Dry,Fatal,Cyclist Collisions,Cyclist,25 to 29,Fatal,31,South,Bicycle,Turning Left, , , , , ,Cyclist turned left across motorists path.,Failed to Yield Right of Way,Normal, ,Yes,Yes, , , , , , , , , , ,D53,Toronto Centre-Rosedale (27),27,95,Annex (95),582
-79.31207667,43.74876364,80780915,7001535588,2017,2017-08-24T04:00:00.000Z,2325,23,VICTORIA PARK AVE,CLINTWOOD GT, ,Major Arterial,Scarborough,43.74876364,-79.31207667,Intersection,At Intersection,No Control,Clear,"Dark, artificial",Dry,Fatal,Pedestrian Collisions,Pedestrian,55 to 59,Fatal,36,Unknown,"Automobile, Station Wagon", , , ,Vehicle is going straight thru inter.while ped cross without ROW,"Crossing, no Traffic Control",Unknown, , , ,Yes, ,Yes, , , , , , , , , , ,D41,Scarborough Centre (37),37,119,Wexford/Maryvale (119),583
-79.46689234,43.636344509999986,5415209,1062626,2008,2008-10-03T04:00:00.000Z,2327,23,F G GARDINER XY  E,ELLIS AVE, ,Expressway,Etobicoke York,43.63634451,-79.46689234,Mid-Block, ,No Control,Clear,Dark,Dry,Fatal,Rear End,Motorcycle Driver,35 to 39,Fatal,44,East,Motorcycle,Merging,Exceeding Speed Limit,Had Been Drinking, , , , , , , , ,Yes,Yes, , , ,Yes,Yes,Yes, , , ,D11,Parkdale-High Park (13),13,85,South Parkdale (85),584
-79.50589029,43.69674538000001,5423630,1066390,2008,2008-10-25T04:00:00.000Z,2329,23,DENISON RD E,JANE ST, ,Collector,Etobicoke York,43.69674538,-79.50589029,Mid-Block, ,Traffic Gate,Clear,Dark,Dry,Fatal,Pedestrian Collisions,Pedestrian,20 to 24,Fatal,49,East,Other, , , ,Pedestrian hit at mid-block,Other,Unknown, , , ,Yes, ,Yes, , , , , , , , , , ,D12,York South-Weston (11),11,113,Weston (113),585
-79.28660212,43.751868799999983,80790894,7003112978,2017,2017-12-01T05:00:00.000Z,2330,23,BIRCHMOUNT RD,MERRYFIELD DR, ,Major Arterial,Scarborough,43.7518688,-79.28660212,Intersection,At Intersection,No Control,Clear,Dark,Dry,Fatal,Pedestrian Collisions,Pedestrian,65 to 69,Fatal,55,East, , , , ,Vehicle is going straight thru inter.while ped cross without ROW,"Crossing, no Traffic Control",Normal, , , ,Yes, ,Yes, , , , , , , , , , ,D41,Scarborough Centre (37),37,126,Dorset Park (126),586
-79.32826624,43.68234213,80496257,5002235651,2015,2015-12-30T05:00:00.000Z,2339,23,DANFORTH AVE,GILLARD AVE, ,Major Arterial,Toronto East York,43.68234213,-79.32826624,Intersection,At Intersection,No Control,Clear,"Dark, artificial",Dry,Fatal,Pedestrian Collisions,Pedestrian,60 to 64,Fatal,64,South, , , , ,Vehicle is going straight thru inter.while ped cross with ROW,"Crossing, no Traffic Control",Normal, , , ,Yes, ,Yes, , , , , , ,Yes, , , ,D55,Toronto-Danforth (30),30,65,Greenwood-Coxwell (65),587
-79.27089029,43.78094538,7456394,1311647,2012,2012-08-25T04:00:00.000Z,2350,23,MARILAKE DR,SUMMERGLADE DR, ,Local,Scarborough,43.78094538,-79.27089029,Mid-Block, ,No Control,Clear,"Dark, artificial",Dry,Fatal,SMV Unattended Vehicle,Driver,20 to 24,Fatal,27,North,"Automobile, Station Wagon",Going Ahead,Lost control,Unknown, , , , , , , , ,Yes, , , , , ,Yes,Yes, , , ,D42,Scarborough-Rouge River (41),41,128,Agincourt South-Malvern West (128),588
-79.50789029,43.75924538,5793455,1131264,2009,2009-10-17T04:00:00.000Z,2352,23,FINCH AVE W,TOBERMORY DR, ,Major Arterial,North York,43.75924538,-79.50789029,Intersection,At Intersection,Traffic Signal,Clear,Dark,Dry,Fatal,Turning Movement,Passenger,60 to 64,Fatal,34, ,Other, , , , , , , , , , , ,Yes, , , , ,Yes,Yes,Yes, ,Yes, ,D31,York West (8),8,25,Glenfield-Jane Heights (25),589
-79.50789029,43.75924538,5793457,1131264,2009,2009-10-17T04:00:00.000Z,2352,23,FINCH AVE W,TOBERMORY DR, ,Major Arterial,North York,43.75924538,-79.50789029,Intersection,At Intersection,Traffic Signal,Clear,Dark,Dry,Fatal,Turning Movement,Passenger,40 to 44,Fatal,33, ,Other, , , , , , , , , , , ,Yes, , , , ,Yes,Yes,Yes, ,Yes, ,D31,York West (8),8,25,Glenfield-Jane Heights (25),590
-79.50789029,43.75924538,5793458,1131264,2009,2009-10-17T04:00:00.000Z,2352,23,FINCH AVE W,TOBERMORY DR, ,Major Arterial,North York,43.75924538,-79.50789029,Intersection,At Intersection,Traffic Signal,Clear,Dark,Dry,Fatal,Turning Movement,Passenger,20 to 24,Fatal,32, ,Other, , , , , , , , , , , ,Yes, , , , ,Yes,Yes,Yes, ,Yes, ,D31,York West (8),8,25,Glenfield-Jane Heights (25),591
-79.47146235,43.72959097,80489966,5001691895,2015,2015-09-30T04:00:00.000Z,2355,23,WILSON AVE,MURRAY RD, ,Major Arterial,North York,43.72959097,-79.47146235,Intersection,At Intersection,No Control,Clear,"Dark, artificial",Dry,Fatal,Turning Movement,Motorcycle Passenger,20 to 24,Fatal,46, , , , , , , , , , , , , ,Yes,Yes, , , ,Yes,Yes,Yes, , , ,D32,York Centre (9),9,26,Downsview-Roding-CFB (26),592
-79.21166621,43.81660803,80741774,7000795019,2017,2017-05-05T04:00:00.000Z,2359,23,MORNINGSIDE AVE,SEWELLS RD,north of,Minor Arterial,Scarborough,43.81660803,-79.21166621,Mid-Block,Non Intersection,No Control,Clear,"Dark, artificial", ,Fatal,Approaching,Driver,70 to 74,Fatal,21, , , , , , , , , , , , , ,Yes, , , , ,Yes, , , , , ,D42,Scarborough-Rouge River (42),42,132,Malvern (132),593